kategori,ad,şehir,yıldız,harem_mesafe_m,oda_tipi,fiyat_birimi,2026-10,2026-11,2026-12,2027-01,2027-02,2027-03,2027-04,2027-05,2027-06,2027-07,2027-08,2027-09,not
hotel,Swissôtel Makkah,Mekke,5,50,2 Kişilik,oda_gece,,,,,,,,,,,,,Mevcut tanım: Mescid-i Haram'a doğrudan erişim sunan lüks konaklama.
hotel,Swissôtel Makkah,Mekke,5,50,3 Kişilik,oda_gece,,,,,,,,,,,,,Mevcut tanım: Mescid-i Haram'a doğrudan erişim sunan lüks konaklama.
hotel,Swissôtel Makkah,Mekke,5,50,4 Kişilik,oda_gece,,,,,,,,,,,,,Mevcut tanım: Mescid-i Haram'a doğrudan erişim sunan lüks konaklama.
hotel,Pullman ZamZam Makkah,Mekke,5,100,2 Kişilik,oda_gece,,,,,,,,,,,,,Mevcut tanım: Abraj Al Bait kompleksinde yer alan eşsiz manzaralı VIP konaklama.
hotel,Pullman ZamZam Makkah,Mekke,5,100,3 Kişilik,oda_gece,,,,,,,,,,,,,Mevcut tanım: Abraj Al Bait kompleksinde yer alan eşsiz manzaralı VIP konaklama.
hotel,Pullman ZamZam Makkah,Mekke,5,100,4 Kişilik,oda_gece,,,,,,,,,,,,,Mevcut tanım: Abraj Al Bait kompleksinde yer alan eşsiz manzaralı VIP konaklama.
hotel,Makkah Clock Royal Tower,Mekke,5,150,2 Kişilik,oda_gece,,,,,,,,,,,,,Mevcut tanım: Dünyanın en yüksek binalarından birinde unutulmaz bir deneyim.
hotel,Makkah Clock Royal Tower,Mekke,5,150,3 Kişilik,oda_gece,,,,,,,,,,,,,Mevcut tanım: Dünyanın en yüksek binalarından birinde unutulmaz bir deneyim.
hotel,Makkah Clock Royal Tower,Mekke,5,150,4 Kişilik,oda_gece,,,,,,,,,,,,,Mevcut tanım: Dünyanın en yüksek binalarından birinde unutulmaz bir deneyim.
hotel,Hilton Suites Makkah,Mekke,5,250,2 Kişilik,oda_gece,,,,,,,,,,,,,Mevcut tanım: Yeni nesil mimarisiyle özel ibadet alanlarına sahip otel.
hotel,Hilton Suites Makkah,Mekke,5,250,3 Kişilik,oda_gece,,,,,,,,,,,,,Mevcut tanım: Yeni nesil mimarisiyle özel ibadet alanlarına sahip otel.
hotel,Hilton Suites Makkah,Mekke,5,250,4 Kişilik,oda_gece,,,,,,,,,,,,,Mevcut tanım: Yeni nesil mimarisiyle özel ibadet alanlarına sahip otel.
hotel,Conrad Makkah,Mekke,5,300,2 Kişilik,oda_gece,,,,,,,,,,,,,Mevcut tanım: Geniş odalar ve doğrudan Harem bağlantısı.
hotel,Conrad Makkah,Mekke,5,300,3 Kişilik,oda_gece,,,,,,,,,,,,,Mevcut tanım: Geniş odalar ve doğrudan Harem bağlantısı.
hotel,Conrad Makkah,Mekke,5,300,4 Kişilik,oda_gece,,,,,,,,,,,,,Mevcut tanım: Geniş odalar ve doğrudan Harem bağlantısı.
hotel,Mövenpick Hotel Hajar,Mekke,5,400,2 Kişilik,oda_gece,,,,,,,,,,,,,Mevcut tanım: Kaliteli hizmet anlayışıyla huzurlu bir konaklama deneyimi.
hotel,Mövenpick Hotel Hajar,Mekke,5,400,3 Kişilik,oda_gece,,,,,,,,,,,,,Mevcut tanım: Kaliteli hizmet anlayışıyla huzurlu bir konaklama deneyimi.
hotel,Mövenpick Hotel Hajar,Mekke,5,400,4 Kişilik,oda_gece,,,,,,,,,,,,,Mevcut tanım: Kaliteli hizmet anlayışıyla huzurlu bir konaklama deneyimi.
hotel,Hyatt Regency Makkah,Mekke,5,550,2 Kişilik,oda_gece,,,,,,,,,,,,,Mevcut tanım: Modern tasarım ve kolay ulaşım imkanı.
hotel,Hyatt Regency Makkah,Mekke,5,550,3 Kişilik,oda_gece,,,,,,,,,,,,,Mevcut tanım: Modern tasarım ve kolay ulaşım imkanı.
hotel,Hyatt Regency Makkah,Mekke,5,550,4 Kişilik,oda_gece,,,,,,,,,,,,,Mevcut tanım: Modern tasarım ve kolay ulaşım imkanı.
hotel,Anjum Hotel Makkah,Mekke,4,800,2 Kişilik,oda_gece,,,,,,,,,,,,,Mevcut tanım: Mekke'nin ruhunu hissettiren Hicazi mimarisi.
hotel,Anjum Hotel Makkah,Mekke,4,800,3 Kişilik,oda_gece,,,,,,,,,,,,,Mevcut tanım: Mekke'nin ruhunu hissettiren Hicazi mimarisi.
hotel,Anjum Hotel Makkah,Mekke,4,800,4 Kişilik,oda_gece,,,,,,,,,,,,,Mevcut tanım: Mekke'nin ruhunu hissettiren Hicazi mimarisi.
hotel,Sheraton Makkah,Mekke,4,1200,2 Kişilik,oda_gece,,,,,,,,,,,,,"Mevcut tanım: Sessiz, sakin ve ekonomik lüks seçenekleri."
hotel,Sheraton Makkah,Mekke,4,1200,3 Kişilik,oda_gece,,,,,,,,,,,,,"Mevcut tanım: Sessiz, sakin ve ekonomik lüks seçenekleri."
hotel,Sheraton Makkah,Mekke,4,1200,4 Kişilik,oda_gece,,,,,,,,,,,,,"Mevcut tanım: Sessiz, sakin ve ekonomik lüks seçenekleri."
hotel,Le Meridien Makkah,Mekke,4,1500,2 Kişilik,oda_gece,,,,,,,,,,,,,"Mevcut tanım: Şehrin dış çemberinde, kalabalıktan uzak konforlu dinlenme alanı."
hotel,Le Meridien Makkah,Mekke,4,1500,3 Kişilik,oda_gece,,,,,,,,,,,,,"Mevcut tanım: Şehrin dış çemberinde, kalabalıktan uzak konforlu dinlenme alanı."
hotel,Le Meridien Makkah,Mekke,4,1500,4 Kişilik,oda_gece,,,,,,,,,,,,,"Mevcut tanım: Şehrin dış çemberinde, kalabalıktan uzak konforlu dinlenme alanı."
hotel,Oberoi Madina,Medine,5,50,2 Kişilik,oda_gece,,,,,,,,,,,,,Mevcut tanım: Peygamber efendimizin mescidine yürüme mesafesinde en lüks deneyim.
hotel,Oberoi Madina,Medine,5,50,3 Kişilik,oda_gece,,,,,,,,,,,,,Mevcut tanım: Peygamber efendimizin mescidine yürüme mesafesinde en lüks deneyim.
hotel,Oberoi Madina,Medine,5,50,4 Kişilik,oda_gece,,,,,,,,,,,,,Mevcut tanım: Peygamber efendimizin mescidine yürüme mesafesinde en lüks deneyim.
hotel,Dar Al Taqwa Hotel,Medine,5,100,2 Kişilik,oda_gece,,,,,,,,,,,,,Mevcut tanım: Mescid-i Nebevi manzaralı konforlu odalar.
hotel,Dar Al Taqwa Hotel,Medine,5,100,3 Kişilik,oda_gece,,,,,,,,,,,,,Mevcut tanım: Mescid-i Nebevi manzaralı konforlu odalar.
hotel,Dar Al Taqwa Hotel,Medine,5,100,4 Kişilik,oda_gece,,,,,,,,,,,,,Mevcut tanım: Mescid-i Nebevi manzaralı konforlu odalar.
hotel,Madinah Hilton,Medine,5,200,2 Kişilik,oda_gece,,,,,,,,,,,,,"Mevcut tanım: Merkezi konum, alışveriş ve ziyaret alanlarına yakınlık."
hotel,Madinah Hilton,Medine,5,200,3 Kişilik,oda_gece,,,,,,,,,,,,,"Mevcut tanım: Merkezi konum, alışveriş ve ziyaret alanlarına yakınlık."
hotel,Madinah Hilton,Medine,5,200,4 Kişilik,oda_gece,,,,,,,,,,,,,"Mevcut tanım: Merkezi konum, alışveriş ve ziyaret alanlarına yakınlık."
hotel,Anwar Al Madinah Mövenpick,Medine,5,300,2 Kişilik,oda_gece,,,,,,,,,,,,,Mevcut tanım: Geniş aile ve grup konaklamaları için ideal.
hotel,Anwar Al Madinah Mövenpick,Medine,5,300,3 Kişilik,oda_gece,,,,,,,,,,,,,Mevcut tanım: Geniş aile ve grup konaklamaları için ideal.
hotel,Anwar Al Madinah Mövenpick,Medine,5,300,4 Kişilik,oda_gece,,,,,,,,,,,,,Mevcut tanım: Geniş aile ve grup konaklamaları için ideal.
hotel,Pullman Zamzam Madina,Medine,5,400,2 Kişilik,oda_gece,,,,,,,,,,,,,Mevcut tanım: Modern tasarımlar ve zengin mutfak kültürü.
hotel,Pullman Zamzam Madina,Medine,5,400,3 Kişilik,oda_gece,,,,,,,,,,,,,Mevcut tanım: Modern tasarımlar ve zengin mutfak kültürü.
hotel,Pullman Zamzam Madina,Medine,5,400,4 Kişilik,oda_gece,,,,,,,,,,,,,Mevcut tanım: Modern tasarımlar ve zengin mutfak kültürü.
hotel,Shaza Al Madina,Medine,5,500,2 Kişilik,oda_gece,,,,,,,,,,,,,Mevcut tanım: Geleneksel motifler ile modern mimarinin buluşması.
hotel,Shaza Al Madina,Medine,5,500,3 Kişilik,oda_gece,,,,,,,,,,,,,Mevcut tanım: Geleneksel motifler ile modern mimarinin buluşması.
hotel,Shaza Al Madina,Medine,5,500,4 Kişilik,oda_gece,,,,,,,,,,,,,Mevcut tanım: Geleneksel motifler ile modern mimarinin buluşması.
hotel,Crowne Plaza Madinah,Medine,5,650,2 Kişilik,oda_gece,,,,,,,,,,,,,Mevcut tanım: Ekonomik lüks ve huzurlu ortam.
hotel,Crowne Plaza Madinah,Medine,5,650,3 Kişilik,oda_gece,,,,,,,,,,,,,Mevcut tanım: Ekonomik lüks ve huzurlu ortam.
hotel,Crowne Plaza Madinah,Medine,5,650,4 Kişilik,oda_gece,,,,,,,,,,,,,Mevcut tanım: Ekonomik lüks ve huzurlu ortam.
hotel,Al Haram Hotel,Medine,4,900,2 Kişilik,oda_gece,,,,,,,,,,,,,Mevcut tanım: Bütçe dostu konaklama ve güleryüzlü hizmet.
hotel,Al Haram Hotel,Medine,4,900,3 Kişilik,oda_gece,,,,,,,,,,,,,Mevcut tanım: Bütçe dostu konaklama ve güleryüzlü hizmet.
hotel,Al Haram Hotel,Medine,4,900,4 Kişilik,oda_gece,,,,,,,,,,,,,Mevcut tanım: Bütçe dostu konaklama ve güleryüzlü hizmet.
vize,Umre Vizesi ve Seyahat Sigortası,Tüm Şehirler,,,,kisi,140,140,140,140,140,140,140,140,140,140,140,140,Resmî vize harcı ve zorunlu seyahat sağlık sigortası (2 iş saati onay)
flight,İstanbul Çıkışlı Gidiş-Dönüş Uçuş,İstanbul,,,,kisi,,,,,,,,,,,,,Tahmini gidiş-dönüş uçuş bilet maliyeti
flight,Ankara Çıkışlı Gidiş-Dönüş Uçuş,Ankara,,,,kisi,,,,,,,,,,,,,Tahmini gidiş-dönüş uçuş bilet maliyeti
flight,İzmir Çıkışlı Gidiş-Dönüş Uçuş,İzmir,,,,kisi,,,,,,,,,,,,,Tahmini gidiş-dönüş uçuş bilet maliyeti
flight,Antalya Çıkışlı Gidiş-Dönüş Uçuş,Antalya,,,,kisi,,,,,,,,,,,,,Tahmini gidiş-dönüş uçuş bilet maliyeti
flight,Adana Çıkışlı Gidiş-Dönüş Uçuş,Adana,,,,kisi,,,,,,,,,,,,,Tahmini gidiş-dönüş uçuş bilet maliyeti
flight,Trabzon Çıkışlı Gidiş-Dönüş Uçuş,Trabzon,,,,kisi,,,,,,,,,,,,,Tahmini gidiş-dönüş uçuş bilet maliyeti
flight,Gaziantep Çıkışlı Gidiş-Dönüş Uçuş,Gaziantep,,,,kisi,,,,,,,,,,,,,Tahmini gidiş-dönüş uçuş bilet maliyeti
flight,Kayseri Çıkışlı Gidiş-Dönüş Uçuş,Kayseri,,,,kisi,,,,,,,,,,,,,Tahmini gidiş-dönüş uçuş bilet maliyeti
flight,Diyarbakır Çıkışlı Gidiş-Dönüş Uçuş,Diyarbakır,,,,kisi,,,,,,,,,,,,,Tahmini gidiş-dönüş uçuş bilet maliyeti
flight,Samsun Çıkışlı Gidiş-Dönüş Uçuş,Samsun,,,,kisi,,,,,,,,,,,,,Tahmini gidiş-dönüş uçuş bilet maliyeti
tren,Medine - Mekke (Economy) [Non-Stop],Tüm Şehirler,,,,kisi,,,,,,,,,,,,,"Eski tablodan taşındı. Economy Class konforunda, duraksız (non-stop) Haremeyn Hızlı Treni ile Medine'den Mekke'ye hızlı ulaşım."
tren,Medine - Mekke (Business) [Non-Stop],Tüm Şehirler,,,,kisi,,,,,,,,,,,,,"Eski tablodan taşındı. Business Class konforunda, duraksız (non-stop) Haremeyn Hızlı Treni ile Medine'den Mekke'ye hızlı ulaşım."
tren,Medine - Mekke (Economy) [1-2 Duraklı],Tüm Şehirler,,,,kisi,,,,,,,,,,,,,"Eski tablodan taşındı. Economy Class konforunda, ara duraklamalı Haremeyn Hızlı Treni ile Medine'den Mekke'ye ulaşım."
tren,Medine - Mekke (Business) [1-2 Duraklı],Tüm Şehirler,,,,kisi,,,,,,,,,,,,,"Eski tablodan taşındı. Business Class konforunda, ara duraklamalı Haremeyn Hızlı Treni ile Medine'den Mekke'ye ulaşım."
tren,Mekke - Medine (Economy) [Non-Stop],Tüm Şehirler,,,,kisi,,,,,,,,,,,,,"Eski tablodan taşındı. Economy Class konforunda, duraksız (non-stop) Haremeyn Hızlı Treni ile Mekke'den Medine'ye hızlı ulaşım."
tren,Mekke - Medine (Business) [Non-Stop],Tüm Şehirler,,,,kisi,,,,,,,,,,,,,"Eski tablodan taşındı. Business Class konforunda, duraksız (non-stop) Haremeyn Hızlı Treni ile Mekke'den Medine'ye hızlı ulaşım."
tren,Mekke - Medine (Economy) [1-2 Duraklı],Tüm Şehirler,,,,kisi,,,,,,,,,,,,,"Eski tablodan taşındı. Economy Class konforunda, ara duraklamalı Haremeyn Hızlı Treni ile Mekke'den Medine'ye ulaşım."
tren,Mekke - Medine (Business) [1-2 Duraklı],Tüm Şehirler,,,,kisi,,,,,,,,,,,,,"Eski tablodan taşındı. Business Class konforunda, ara duraklamalı Haremeyn Hızlı Treni ile Mekke'den Medine'ye ulaşım."
tren,Mekke - Cidde Havalimanı (Economy),Tüm Şehirler,,,,kisi,,,,,,,,,,,,,"Eski tablodan taşındı. Economy Class konforunda, Haremeyn Hızlı Treni ile Mekke'den Cidde Havalimanı'na direkt ulaşım."
tren,Mekke - Cidde Havalimanı (Business),Tüm Şehirler,,,,kisi,,,,,,,,,,,,,"Eski tablodan taşındı. Business Class konforunda, Haremeyn Hızlı Treni ile Mekke'den Cidde Havalimanı'na direkt ulaşım."
tren,Cidde Havalimanı - Mekke (Economy),Tüm Şehirler,,,,kisi,,,,,,,,,,,,,"Eski tablodan taşındı. Economy Class konforunda, Haremeyn Hızlı Treni ile Cidde Havalimanı'ndan Mekke'ye direkt ulaşım."
tren,Cidde Havalimanı - Mekke (Business),Tüm Şehirler,,,,kisi,,,,,,,,,,,,,"Eski tablodan taşındı. Business Class konforunda, Haremeyn Hızlı Treni ile Cidde Havalimanı'ndan Mekke'ye direkt ulaşım."
tur,"Kapsamlı Medine Ziyaretleri (Uhud, Quba, Kıbleteyn, Hendek)",Tüm Şehirler,,,,kisi,,,,,,,,,,,,,"Eski tablodan taşındı. Grup telaşesi yaşanmadan, dilediğinizce vakit geçirebileceğiniz özel araç ile Uhud Şehitliği, İlk Mescid Quba, Kıbleteyn ve Yedi Mescitler alanının ilmi gezisi."
transfer,Özel Araçlı Kapsamlı Mekke Ziyaretleri (Mekke Ziyarat),Tüm Şehirler,,,,arac,,,,,,,,,,,,,"Eski tablodan taşındı. Aileniz için tahsis edilen araç ve lisanslı rehberiniz ile Sevr Dağı etekleri, Arafat, Müzdelife, Mina, Şeytan Taşlama bölgesi ve Nur Dağının derinlemesine keşfi."
extra,Mescid-i Taneem (Mescid-i Aişe) Yeniden İhrama Giriş Ritüeli,Tüm Şehirler,,,,kisi,,,,,,,,,,,,,"Eski tablodan taşındı. Mekke'den ayrılmadan evvel, akrabaları (vefat edenleri) adına tekrardan umre niyetine girmek isteyenler için lüks ulaşım aracı ve ihram lojistiği."
extra,Veda Umresi Kapanış Merasimi ve Zemzem Şişeleme,Tüm Şehirler,,,,kisi,,,,,,,,,,,,,"Eski tablodan taşındı. Manevi seyahatinizin son gününde size özel hazırlanan şişelere Zemzem doldurulması, şükür duası ve turun size özel estetik montajlı videosunun teslimi."
extra,Bireysel Mutavvıf (Hoca) Eşliğinde Özel Umre İbadeti,Tüm Şehirler,,,,kisi,,,,,,,,,,,,,"Eski tablodan taşındı. Ailenize tam gün tahsis edilen, resmi lisanslı ve derin ilmi birikime sahip hoca eşliğinde, ihram, tavaf ve sa'y ibadetlerinin kaidelere mütakip feyizle yapılması."
extra,"Hulefa-i Raşidin Mescitleri İzleği (Ebu Bekir, Ömer, Ali)",Tüm Şehirler,,,,kisi,,,,,,,,,,,,,"Eski tablodan taşındı. Efendimiz'in en büyük yoldaşları Ebu Bekir, Ömer ve Ali (r.a) efendilerimize atfedilen eski lokasyonların ve sadakat sembollerinin izinin sürülmesi."
tur,Mescid-i Dira' (Zırh Mescidi) Uhud Öncesi Bekleyiş,Tüm Şehirler,,,,kisi,,,,,,,,,,,,,Eski tablodan taşındı. Uhud Seferi öncesinde çifte zırhını giyip ikindi namazını ashabıyla kıldığı o tefekkür ve sükunet mescidinin ziyareti.
extra,Mescid-i İcabe (Yakarış Mescidi) ve Ümmet Birlik Duası,Tüm Şehirler,,,,kisi,,,,,,,,,,,,,"Eski tablodan taşındı. Peygamber Efendimiz'in ümmeti için gözyaşlarıyla kalben dua edip ikisine icabet edildiği tarihi bu makamda, kendimiz, ailemiz ve İslam alemi için ortak dua."
extra,Uhud Mezarlığı Yanı Seyyidü'ş-Şüheda Mescidi Namazı,Tüm Şehirler,,,,kisi,,,,,,,,,,,,,Eski tablodan taşındı. 70 Uhud şahidinin başucunda kurulan görkemli Seyyidü'ş-Şüheda Camii'nde ibadet ve şehadetin derin manası için dua molası.
extra,Ezanın Doğduğu Ruhani Makam: Nebevi Çatısı Çevresi,Tüm Şehirler,,,,kisi,,,,,,,,,,,,,Eski tablodan taşındı. Hz. Bilal-i Habeşi'nin Mescid-i Nebevi'nin üzerine çıkıp yeryüzünün ilk ezanını semaya yükselttiği noktanın yerinde tasavvuru ve o anın hissi.
tur,İlk Akabe Biatı'nın Gerçekleştiği Mescid-i Bay'ah,Tüm Şehirler,,,,kisi,,,,,,,,,,,,,Eski tablodan taşındı. İlk Medineli Müslümanların gizlice gelip Efendimiz'e biat ettikleri ve İslam'ın siyasi kaderini değiştiren o mütevazı dağ arası mescidinin manidâr ziyareti.
extra,Mina ve Mescid-i Hayf (Peygamberler Mescidi) İbadeti,Tüm Şehirler,,,,kisi,,,,,,,,,,,,,Eski tablodan taşındı. Aralarında Hz. Musa'nın da bulunduğu yetmişe yakın peygamberin namaz kıldığı rivayet edilen devasa Mescid-i Hayf'ın Hac dönemi dışındaki mutlak tenhalığında huzurlu bir ibadet.
extra,Darü'l-Erkam (Erkam'ın Evi) Safa Tepesi Çevresi Hatırası,Tüm Şehirler,,,,kisi,,,,,,,,,,,,,"Eski tablodan taşındı. İslam'ın ilk fidanlarının gizlice yeşertildiği, Kur'an'ın ilmek ilmek kalplere dokunduğu Erkam'ın Evinin Safa Tepesi civarındaki alanında ruhani izdüşümü."
extra,Kuba Mescidi Fecr (Sabah) Vakti Dinginliği,Tüm Şehirler,,,,kisi,,,,,,,,,,,,,"Eski tablodan taşındı. Sabahın ilk ışıklarından hemen önce (fecr vakti) Kuba'nın emsalsiz ve tertemiz atmosferini teneffüs etme, yerel sabah dinginliğinin zihindeki şifası."
extra,Al-Aqiq Vadisi (Mübarek Vadi) Yürüyüşü ve Sükunet,Tüm Şehirler,,,,kisi,,,,,,,,,,,,,"Eski tablodan taşındı. Efendimiz'in 'Mübarek Vadi' olarak nitelendirdiği, yemyeşil palmiyeleriyle dingin bir atmosfere sahip bu vadide, içe dönüş ve hakiki tefekkür yürüyüşü."
tur,Mescid-i Rayah (Sancak Mescidi) ve Mekke'nin Fethi,Tüm Şehirler,,,,kisi,,,,,,,,,,,,,"Eski tablodan taşındı. Mekke fethinin ihtişamlı sabahında İslam sancağının büyük bir onurla dikildiği tarihi mescidin ziyareti, af ve tevazu ruhunun canlandırılması."
extra,Mescid-i Cuma: İlk Cuma Namazının Havası,Tüm Şehirler,,,,kisi,,,,,,,,,,,,,"Eski tablodan taşındı. Hicret yolunda, Ranuna Vadisi'nde durulup okunan ilk muazzam Cuma hutbesinin ve ilk Cuma namazının kılındığı Mescid-i Cuma'nın feyizli atmosferini soluma."
extra,Selman-ı Farisi'nin Hurma Bahçesi ve Özgürlük Kıssası,Tüm Şehirler,,,,kisi,,,,,,,,,,,,,Eski tablodan taşındı. Peygamberimizin bizzat kendi mübarek elleriyle Selman-ı Farisi (r.a) için ektiği 300 hurma fidanının bulunduğu tarihi arazinin umut kokan hikayesi.
tur,Mekke Eski Mezarlıkları ve Bilinmeyen Şehitlikler,Tüm Şehirler,,,,kisi,,,,,,,,,,,,,"Eski tablodan taşındı. Mekke'nin eteklerinde kalmış, kalabalıklara karışmamış çok daha az bilinen ashab mezarlıklarına, tam bir edep ve sessizlik içinde ilmi manevi ziyaret."
extra,Veda Hutbesi Zirvesi: Cebel-i Rahme Turu,Tüm Şehirler,,,,kisi,,,,,,,,,,,,,Eski tablodan taşındı. Arafat ovasının kalbi olan Rahmet Dağı'na (Cebel-i Rahme) tırmanış. Efendimiz'in insanlığa miras bıraktığı Veda Hutbesi'ni irad ettiği mukaddes mekanda dua vakti.
tur,Cennet'ül Baki (Baki Mezarlığı) Anlamlandırılmış Ziyaret,Tüm Şehirler,,,,kisi,,,,,,,,,,,,,Eski tablodan taşındı. Uzman bir siyer rehberi ile birlikte on binlerce ashabın ebedi istirahatgahı olan alanın eski topografik ve manevi haritasının detaylı idraki.
tur,Mescid-i Fatımatü'z-Zehra ve Ehl-i Beyt Rotaları,Tüm Şehirler,,,,kisi,,,,,,,,,,,,,"Eski tablodan taşındı. Hz. Ali (k.v) ve Ehl-i Beyt büyüklerine atfedilen, sükunetiyle bilinen mescitlerin ve az bilinen sahabe lokasyonlarının derin sükunetle ziyareti."
extra,Sevr Dağı (Ghar Thawr) ve İlahi Korunma Yürüyüşü,Tüm Şehirler,,,,kisi,,,,,,,,,,,,,Eski tablodan taşındı. Hicretin o muazzam ve en tehlikeli anında Peygamberimiz ve Sadık dostu Hz. Ebu Bekir'in saklandığı mağaraya meşakkatli tırmanış; sarsılmaz tevekkülün yaşanarak anlatımı.
extra,Nur Dağı (Hira Mağarası) Gün Doğumu Tırmanışı,Tüm Şehirler,,,,kisi,,,,,,,,,,,,,"Eski tablodan taşındı. Sabah namazıyla başlanan, sessizlik içindeki dağ tırmanışı sonrasında Mekke semalarının aydınlanışı ve ilk vahyin (İkra/Oku) indiği mağarada sabah tefekkürü."
extra,Ramazan Ayı Son 10 Gün İtikaf Asistanlığı,Tüm Şehirler,,,,kisi,,,,,,,,,,,,,Eski tablodan taşındı. Haremi Şerif'te resmi itikaf kayıt işlemlerinin VIP yönetimi. Sahur ve iftar lojistiği ile manevi inzivaya tam konsantrasyon sağlayan asistanlık.
tur,Gece Uhud Ziyareti ve Sessiz Tefekkür,Tüm Şehirler,,,,kisi,,,,,,,,,,,,,"Eski tablodan taşındı. Medine gecesinin ıssızlığında, yıldızların altında Uhud Dağı'nın yalnız ihtişamını izleme ve sahabe efendilerimizi mutlak sessizlik içinde anma vakti."
tur,Mekke Al-Shajarah (Ağaç) Mescidi Ziyareti,Tüm Şehirler,,,,kisi,,,,,,,,,,,,,Eski tablodan taşındı. Peygamber Efendimiz'in mucizesi ile çağırdığı ağacın gelip O'nun peygamberliğine şahitlik ettiği mukaddes noktada inşa edilen tarihi mescidin ziyareti.
extra,Mescid-i Ghamama ve Açık Hava Namazgahları Keşfi,Tüm Şehirler,,,,kisi,,,,,,,,,,,,,"Eski tablodan taşındı. Mescid-i Nebevi'nin yanı başında, 'Bulut' anlamına gelen Ghamama Mescidi'ni ve etrafındaki açık hava bayram namazgahlarının kadim atmosferini tanıma."
extra,Uhud Okçular Tepesi (Cebel-i Rumat) Taktiksel Saha,Tüm Şehirler,,,,kisi,,,,,,,,,,,,,Eski tablodan taşındı. Stratejist rehber eşliğinde Okçular Tepesi'nden savaş sahasını tahlil etme; emanete riayet ve teslimiyetin önemini harita üzerinden adım adım hissettiğimiz saha analizi.
extra,Hendek Savaşı Sahası ve Yedi Mescitler (Sab'a Masajid),Tüm Şehirler,,,,kisi,,,,,,,,,,,,,Eski tablodan taşındı. İslam'ın eşsiz savunma stratejisi Hendek hattının oluşturulduğu Sab'a Masajid bölgesinde duraklama ve siperlerin izlerini harita üzerinden hayal ederek tarihi hissetme.
extra,Arees Kuyusu (Yüzük Kuyusu) ve Quba Çevresi Yürüyüşü,Tüm Şehirler,,,,kisi,,,,,,,,,,,,,Eski tablodan taşındı. Peygamberimiz'in mührünün Hz. Osman devrinde düştüğü Arees Kuyusu'nun ve Quba Mescidi etrafındaki yemyeşil asırlık palmiye bahçelerinde sessiz yürüyüş.
tur,Bi'r-i Osman (Rumah Kuyusu) ve Vakıf Medeniyeti Dersi,Tüm Şehirler,,,,kisi,,,,,,,,,,,,,Eski tablodan taşındı. Hz. Osman'ın (r.a) servetiyle Müslümanlara satın alıp kıyamete kadar vakfettiği o eşsiz kuyunun ve çevresindeki bereketli tarım arazilerinin ibretlik ziyareti.
tur,Peygamberin Vasiyeti: Bi'r-i Ghars Kapsamlı Turu,Tüm Şehirler,,,,kisi,,,,,,,,,,,,,"Eski tablodan taşındı. Peygamber Efendimiz'in (SAV), 'Vefat ettiğimde bedenimi yedi kırba bu suyla yıkayın' vasiyetini bıraktığı tarihi Ghars Kuyusu'nun restorasyon sonrası hususi ziyareti."
tur,Tarihi Kuyular Turu: Bi'r-i Şifa'nın Bereketi,Tüm Şehirler,,,,kisi,,,,,,,,,,,,,"Eski tablodan taşındı. Sahabenin asırlardır şifa niyetine suyunu içtiği tarihi kuyuların ziyareti, bölgenin erken dönem kadim su medeniyetinin ve rahmetin incelenmesi."
extra,Mescid-i Kıbleteyn: İki Kıbleli Mescit Namazı,Tüm Şehirler,,,,kisi,,,,,,,,,,,,,Eski tablodan taşındı. Kıblenin Mescid-i Aksa'dan Kabe'ye döndürüldüğü Mescid-i Kıbleteyn'de cemaatle vakit namazı edası ve bu eşsiz teolojik değişimin felsefi anlatımı.
tur,Mescid-i Cin ve Mu'alla Mezarlığı Gece Ziyareti,Tüm Şehirler,,,,kisi,,,,,,,,,,,,,"Eski tablodan taşındı. Mu'alla mezarlığının dinginliğinde, Hz. Hatice validemizi yâd emenin ve cinlerin Kuran dinleyip iman ettiği Mescid-i Cin'in tarihi sırlarının derin gece anlatımı."
extra,Özel Siyer Rehberi ile Destansı Bedir Savaş Alanı,Tüm Şehirler,,,,kisi,,,,,,,,,,,,,"Eski tablodan taşındı. Bedir kasabasına yolculuk. Hak batıl mücadelesinin kazanıldığı alanın, şehitliğin ve Mescid-i Al-Areesh'in detaylı, ilmi ve coğrafi incelemesi."
extra,Peygamberler Dağı: Cebel-i Ebu Kubeys İzlenimi,Tüm Şehirler,,,,kisi,,,,,,,,,,,,,Eski tablodan taşındı. Yeryüzünde yaratılan ilk dağ olduğu rivayet edilen ve Şakk-ı Kamer mucizesinin gerçekleştiği Cebel-i Ebu Kubeys'in asırlık sırlarının ilmi anlatımı.
tur,Mescid-i Beni Harise: Ensar'ın Fedakarlığı,Tüm Şehirler,,,,kisi,,,,,,,,,,,,,"Eski tablodan taşındı. Peygamberimiz'in namaz kıldığı, o günkü Ensar kabilelerinin benzersiz misafirperverliklerinin ve muhacirlere kucak açışlarının yad edildiği lokal siyer ziyareti."
extra,Mescid-i Şeyhayn ve Uhud Yolu Kamp Alanı Analizi,Tüm Şehirler,,,,kisi,,,,,,,,,,,,,"Eski tablodan taşındı. Efendimiz'in Uhud'a yürürken gecelediği Şeyhayn mescidinde bekleyiş, o tarihi akşamın ağır ve vakar dolu psikolojik havasını kalpte hissetme."
extra,Suqya Mescidi ve Suqya Kuyusu Hatırası,Tüm Şehirler,,,,kisi,,,,,,,,,,,,,Eski tablodan taşındı. Peygamber Efendimiz'in Bedir Seferi'ne çıkmadan evvel sancağı bağladığı ve dua buyurduğu o tarihi küçük mescidin manevi atmosferini yaşama.
extra,Suqya Toprak ve Şifa Kumları Keşfi,Tüm Şehirler,,,,kisi,,,,,,,,,,,,,Eski tablodan taşındı. Peygamberimiz'in bizzat duasını aldığına inanılan 'Şifa Toprakları'nın geleneksel tıp literatürüyle bağlantısının anlatıldığı ve izlerinin sürüldüğü otantik tur.
extra,Kadınlara Özel: Ravza-i Mutahhara Asistanlığı,Tüm Şehirler,,,,kisi,,,,,,,,,,,,,"Eski tablodan taşındı. Hassas Nusuk randevu süreçlerinin yönetimiyle, kadın misafirlerimizin yeşil halılı bölgeye (Ravza) girmelerine yardımcı olan tecrübeli kadın rehber refakati."
extra,Deve Sırtında Çölde Günbatımı: Kervan Yürüyüşü,Tüm Şehirler,,,,kisi,,,,,,,,,,,,,"Eski tablodan taşındı. Motorlu araçların giremediği bakir çölde, asırlar öncesinin kervan yollarında develer üzerinde sükûnet dolu bir yürüyüş ve akşam kızıllığı eşliğinde tefekkür molası."
extra,Cin Vadisi (Wadi-e-Jinn) Manyetik Anomali Deneyimi,Tüm Şehirler,,,,kisi,,,,,,,,,,,,,"Eski tablodan taşındı. Araçların yokuş yukarı kendiliğinden çıktığı manyetik anomali vadisinde, çölün bu coğrafi illüzyonunu ve sırlarını etkileyici bir şekilde deneyimleme."
extra,Zübeyde Su Yolu (Ayn Zubaida) Antik Kalıntıları Turu,Tüm Şehirler,,,,kisi,,,,,,,,,,,,,"Eski tablodan taşındı. Abbasiler döneminin muhteşem sadaka-i cariye eseri su kanallarının, Arafat ve Müzdelife yakınlarındaki devasa taş kalıntılarını hikayeleriyle birlikte detaylı inceleme."
extra,Hz. Hamza'nın Doğduğu Sokaklar ve Mekke'deki Evleri,Tüm Şehirler,,,,kisi,,,,,,,,,,,,,"Eski tablodan taşındı. Seyyidü'ş-Şüheda Hz. Hamza'nın ve Ebu Talib'in yaşadığı, Peygamber ailesine ait tarihi mülklerin harita üzerinden tespiti ve bölgenin havasının solunumu."
extra,Mekke Kuşatma Sınırları ve İbn Zübeyr'in Sığınağı,Tüm Şehirler,,,,kisi,,,,,,,,,,,,,"Eski tablodan taşındı. Haccac ordusunun kuşattığı dönemin askeri stratejik noktalarının, bugünkü modern topografya üzerinden ibretlik ve ilmi okuması."
tur,Urwah ibn Zubayr Kasrı Harabeleri Turu,Tüm Şehirler,,,,kisi,,,,,,,,,,,,,Eski tablodan taşındı. Bereketli Akik vadisinde inşa ettirilen devasa antik konak/saray kalıntılarının ve Sahabe sonrası dönemin refah mimarisinin tefekkürle ziyareti.
extra,Tarihi İhaab ve Ebu İnebe Kuyuları Yürüyüşü,Tüm Şehirler,,,,kisi,,,,,,,,,,,,,"Eski tablodan taşındı. Medine'nin unutulmuş, ancak bereket taşıyan bu iki tarihi kuyusunun yerini sokak aralarında keşfetme ve belgesel tadında fotoğraflayarak tarihi yâd etme aktivitesi."
tur,Hz. Ümmü Haram'ın Evi (Kuba Yolu Üzeri Siyer Hatırası),Tüm Şehirler,,,,kisi,,,,,,,,,,,,,"Eski tablodan taşındı. Peygamberimiz'in teşrif edip dinlendiği Hz. Ümmü Haram bint Milhan'a (r.a) atfedilen eski evin izlerinin sürüldüğü, sükûnet dolu manevi mikro-ziyaret."
tur,Al-Minaratayn Mescidi Ziyareti,Tüm Şehirler,,,,kisi,,,,,,,,,,,,,"Eski tablodan taşındı. Peygamber Efendimiz'in mübarek güzergâhlarından biri üzerinde bulunan, modern binalar arasına gizlenmiş bu kadim mescidin ruhaniyetiyle baş başa arkeolojik ziyareti."
extra,Beni Kurayza ve Hayber Kaleleri Kalıntıları Ekspedisyonu,Tüm Şehirler,,,,kisi,,,,,,,,,,,,,"Eski tablodan taşındı. İslam'ın sancaktarlığını taşıyan şanlı fetihlerin gerçekleştiği, Medine civarının tarihi taş kalelerinin ve Hayber alanlarının askeri strateji ve ibret açısından incelenmesi."
extra,Cennetü'l Mualla ve Al-Hujun Bölgesi Arkeolojik Okuması,Tüm Şehirler,,,,kisi,,,,,,,,,,,,,"Eski tablodan taşındı. Kadim Mekke'nin sosyolojik katmanlarındaki Al-Hujun bölgesinin dününe yolculuk, eski mezar taşlarındaki edebi hat sanatının ve epigrafik manaların manevi incelenmesi."
extra,Kusva'nın İzleri: Deve Çiftliği Turu,Tüm Şehirler,,,,kisi,,,,,,,,,,,,,Eski tablodan taşındı. Peygamber Efendimiz'i hürmetle taşıyan meşhur deve Kusva'nın soy hikayesinin dinlendiği ve modern bir bedevi çiftliğinde taze süt ikramıyla çöl geleneklerinin yaşatıldığı özel tur.
tren,Amberiye Mescidi ve Tarihi Tren Garı Yürüyüşü,Tüm Şehirler,,,,kisi,,,,,,,,,,,,,"Eski tablodan taşındı. Amberiye Mescidi'nin gölgesinde, kumların arasında kalmış tarihi raylar ve lokomotifler eşliğinde ecdadın Medine'deki tarihsel mirasını yâd ediyoruz."
tur,Suudi Tarım Deneyimi: Premium Hurma Bahçeleri,Tüm Şehirler,,,,kisi,,,,,,,,,,,,,"Eski tablodan taşındı. Medine'nin bereketli topraklarındaki premium çiftliklerde organik yetiştirme, kurutma süreçlerini ve kendi hurmanızı ailenize hediye etmek üzere bizzat paketleyeceğiniz nezih atölye ziyareti."
extra,Kur'an-ı Kerim Sergisi ve Vahiy Müzesi Keşfi,Tüm Şehirler,,,,kisi,,,,,,,,,,,,,"Eski tablodan taşındı. Nur Dağı eteklerindeki Hira Kültürel Bölgesi'nde, ilahi vahyin büyüklüğünü anlatan geniş Kur'an nüshaları, hat sanatı şaheserleri ve Hira Mağarası replikasının derinlikli deneyimi."
extra,Hicaz Demiryolu Müzesi ve Osmanlı İstasyonları,Tüm Şehirler,,,,kisi,,,,,,,,,,,,,Eski tablodan taşındı. Sultan II. Abdülhamid Han'ın kutlu vizyonu Hicaz Demiryolu İstasyonu'nun manevi ikliminde tarihi bir yolculuk. Restore edilmiş orijinal vagonlar ve ecdadın mukaddes topraklardaki izlerini sürüyoruz.
tur,Suudi Tarım Deneyimi: Premium Hurma Bahçeleri,Tüm Şehirler,,,,kisi,,,,,,,,,,,,,"Eski tablodan taşındı. Medine'nin bereketli topraklarındaki premium çiftliklerde organik yetiştirme, kurutma süreçlerini ve kendi hurmanızı ailenize hediye etmek üzere bizzat paketleyeceğiniz nezih atölye ziyareti."
extra,Kur'an-ı Kerim Sergisi ve Vahiy Müzesi Keşfi,Tüm Şehirler,,,,kisi,,,,,,,,,,,,,"Eski tablodan taşındı. Nur Dağı eteklerindeki Hira Kültürel Bölgesi'nde, ilahi vahyin büyüklüğünü anlatan geniş Kur'an nüshaları, hat sanatı şaheserleri ve Hira Mağarası replikasının derinlikli deneyimi."
extra,Hicaz Demiryolu Müzesi ve Osmanlı İstasyonları,Tüm Şehirler,,,,kisi,,,,,,,,,,,,,Eski tablodan taşındı. Sultan II. Abdülhamid Han'ın kutlu vizyonu Hicaz Demiryolu İstasyonu'nun manevi ikliminde tarihi bir yolculuk. Restore edilmiş orijinal vagonlar ve ecdadın mukaddes topraklardaki izlerini sürüyoruz.
transfer,Lüks Minivan ile 5 Günlük Tam Kapsamlı Mekke-Medine Araç Tahsisi,Tüm Şehirler,,,,arac,,,,,,,,,,,,,Eski tablodan taşındı. Seyahatiniz süresince tüm bagaj ve rota lojistiğini devralan VIP Minivan ile istediğiniz yere ve ibadete en konforlu koşullarda ulaşma serbestisi sağlayan hizmet.
tur,"Kapsamlı Medine Ziyaretleri (Uhud, Quba, Kıbleteyn, Hendek)",Tüm Şehirler,,,,kisi,,,,,,,,,,,,,"Eski tablodan taşındı. Grup telaşesi yaşanmadan, dilediğinizce vakit geçirebileceğiniz özel araç ile Uhud Şehitliği, İlk Mescid Quba, Kıbleteyn ve Yedi Mescitler alanının ilmi gezisi."
transfer,Özel Araçlı Kapsamlı Mekke Ziyaretleri (Mekke Ziyarat),Tüm Şehirler,,,,arac,,,,,,,,,,,,,"Eski tablodan taşındı. Aileniz için tahsis edilen araç ve lisanslı rehberiniz ile Sevr Dağı etekleri, Arafat, Müzdelife, Mina, Şeytan Taşlama bölgesi ve Nur Dağının derinlemesine keşfi."
extra,Mescid-i Taneem (Mescid-i Aişe) Yeniden İhrama Giriş Ritüeli,Tüm Şehirler,,,,kisi,,,,,,,,,,,,,"Eski tablodan taşındı. Mekke'den ayrılmadan evvel, akrabaları (vefat edenleri) adına tekrardan umre niyetine girmek isteyenler için lüks ulaşım aracı ve ihram lojistiği."
extra,Veda Umresi Kapanış Merasimi ve Zemzem Şişeleme,Tüm Şehirler,,,,kisi,,,,,,,,,,,,,"Eski tablodan taşındı. Manevi seyahatinizin son gününde size özel hazırlanan şişelere Zemzem doldurulması, şükür duası ve turun size özel estetik montajlı videosunun teslimi."
extra,Bireysel Mutavvıf (Hoca) Eşliğinde Özel Umre İbadeti,Tüm Şehirler,,,,kisi,,,,,,,,,,,,,"Eski tablodan taşındı. Ailenize tam gün tahsis edilen, resmi lisanslı ve derin ilmi birikime sahip hoca eşliğinde, ihram, tavaf ve sa'y ibadetlerinin kaidelere mütakip feyizle yapılması."
extra,"Hulefa-i Raşidin Mescitleri İzleği (Ebu Bekir, Ömer, Ali)",Tüm Şehirler,,,,kisi,,,,,,,,,,,,,"Eski tablodan taşındı. Efendimiz'in en büyük yoldaşları Ebu Bekir, Ömer ve Ali (r.a) efendilerimize atfedilen eski lokasyonların ve sadakat sembollerinin izinin sürülmesi."
tur,Mescid-i Dira' (Zırh Mescidi) Uhud Öncesi Bekleyiş,Tüm Şehirler,,,,kisi,,,,,,,,,,,,,Eski tablodan taşındı. Uhud Seferi öncesinde çifte zırhını giyip ikindi namazını ashabıyla kıldığı o tefekkür ve sükunet mescidinin ziyareti.
extra,Mescid-i İcabe (Yakarış Mescidi) ve Ümmet Birlik Duası,Tüm Şehirler,,,,kisi,,,,,,,,,,,,,"Eski tablodan taşındı. Peygamber Efendimiz'in ümmeti için gözyaşlarıyla kalben dua edip ikisine icabet edildiği tarihi bu makamda, kendimiz, ailemiz ve İslam alemi için ortak dua."
extra,Uhud Mezarlığı Yanı Seyyidü'ş-Şüheda Mescidi Namazı,Tüm Şehirler,,,,kisi,,,,,,,,,,,,,Eski tablodan taşındı. 70 Uhud şahidinin başucunda kurulan görkemli Seyyidü'ş-Şüheda Camii'nde ibadet ve şehadetin derin manası için dua molası.
extra,Ezanın Doğduğu Ruhani Makam: Nebevi Çatısı Çevresi,Tüm Şehirler,,,,kisi,,,,,,,,,,,,,Eski tablodan taşındı. Hz. Bilal-i Habeşi'nin Mescid-i Nebevi'nin üzerine çıkıp yeryüzünün ilk ezanını semaya yükselttiği noktanın yerinde tasavvuru ve o anın hissi.
tur,İlk Akabe Biatı'nın Gerçekleştiği Mescid-i Bay'ah,Tüm Şehirler,,,,kisi,,,,,,,,,,,,,Eski tablodan taşındı. İlk Medineli Müslümanların gizlice gelip Efendimiz'e biat ettikleri ve İslam'ın siyasi kaderini değiştiren o mütevazı dağ arası mescidinin manidâr ziyareti.
extra,Mina ve Mescid-i Hayf (Peygamberler Mescidi) İbadeti,Tüm Şehirler,,,,kisi,,,,,,,,,,,,,Eski tablodan taşındı. Aralarında Hz. Musa'nın da bulunduğu yetmişe yakın peygamberin namaz kıldığı rivayet edilen devasa Mescid-i Hayf'ın Hac dönemi dışındaki mutlak tenhalığında huzurlu bir ibadet.
extra,Darü'l-Erkam (Erkam'ın Evi) Safa Tepesi Çevresi Hatırası,Tüm Şehirler,,,,kisi,,,,,,,,,,,,,"Eski tablodan taşındı. İslam'ın ilk fidanlarının gizlice yeşertildiği, Kur'an'ın ilmek ilmek kalplere dokunduğu Erkam'ın Evinin Safa Tepesi civarındaki alanında ruhani izdüşümü."
extra,Kuba Mescidi Fecr (Sabah) Vakti Dinginliği,Tüm Şehirler,,,,kisi,,,,,,,,,,,,,"Eski tablodan taşındı. Sabahın ilk ışıklarından hemen önce (fecr vakti) Kuba'nın emsalsiz ve tertemiz atmosferini teneffüs etme, yerel sabah dinginliğinin zihindeki şifası."
extra,Al-Aqiq Vadisi (Mübarek Vadi) Yürüyüşü ve Sükunet,Tüm Şehirler,,,,kisi,,,,,,,,,,,,,"Eski tablodan taşındı. Efendimiz'in 'Mübarek Vadi' olarak nitelendirdiği, yemyeşil palmiyeleriyle dingin bir atmosfere sahip bu vadide, içe dönüş ve hakiki tefekkür yürüyüşü."
tur,Mescid-i Rayah (Sancak Mescidi) ve Mekke'nin Fethi,Tüm Şehirler,,,,kisi,,,,,,,,,,,,,"Eski tablodan taşındı. Mekke fethinin ihtişamlı sabahında İslam sancağının büyük bir onurla dikildiği tarihi mescidin ziyareti, af ve tevazu ruhunun canlandırılması."
extra,Mescid-i Cuma: İlk Cuma Namazının Havası,Tüm Şehirler,,,,kisi,,,,,,,,,,,,,"Eski tablodan taşındı. Hicret yolunda, Ranuna Vadisi'nde durulup okunan ilk muazzam Cuma hutbesinin ve ilk Cuma namazının kılındığı Mescid-i Cuma'nın feyizli atmosferini soluma."
extra,Selman-ı Farisi'nin Hurma Bahçesi ve Özgürlük Kıssası,Tüm Şehirler,,,,kisi,,,,,,,,,,,,,Eski tablodan taşındı. Peygamberimizin bizzat kendi mübarek elleriyle Selman-ı Farisi (r.a) için ektiği 300 hurma fidanının bulunduğu tarihi arazinin umut kokan hikayesi.
tur,Mekke Eski Mezarlıkları ve Bilinmeyen Şehitlikler,Tüm Şehirler,,,,kisi,,,,,,,,,,,,,"Eski tablodan taşındı. Mekke'nin eteklerinde kalmış, kalabalıklara karışmamış çok daha az bilinen ashab mezarlıklarına, tam bir edep ve sessizlik içinde ilmi manevi ziyaret."
extra,Veda Hutbesi Zirvesi: Cebel-i Rahme Turu,Tüm Şehirler,,,,kisi,,,,,,,,,,,,,Eski tablodan taşındı. Arafat ovasının kalbi olan Rahmet Dağı'na (Cebel-i Rahme) tırmanış. Efendimiz'in insanlığa miras bıraktığı Veda Hutbesi'ni irad ettiği mukaddes mekanda dua vakti.
tur,Cennet'ül Baki (Baki Mezarlığı) Anlamlandırılmış Ziyaret,Tüm Şehirler,,,,kisi,,,,,,,,,,,,,Eski tablodan taşındı. Uzman bir siyer rehberi ile birlikte on binlerce ashabın ebedi istirahatgahı olan alanın eski topografik ve manevi haritasının detaylı idraki.
tur,Mescid-i Fatımatü'z-Zehra ve Ehl-i Beyt Rotaları,Tüm Şehirler,,,,kisi,,,,,,,,,,,,,"Eski tablodan taşındı. Hz. Ali (k.v) ve Ehl-i Beyt büyüklerine atfedilen, sükunetiyle bilinen mescitlerin ve az bilinen sahabe lokasyonlarının derin sükunetle ziyareti."
extra,Sevr Dağı (Ghar Thawr) ve İlahi Korunma Yürüyüşü,Tüm Şehirler,,,,kisi,,,,,,,,,,,,,Eski tablodan taşındı. Hicretin o muazzam ve en tehlikeli anında Peygamberimiz ve Sadık dostu Hz. Ebu Bekir'in saklandığı mağaraya meşakkatli tırmanış; sarsılmaz tevekkülün yaşanarak anlatımı.
extra,Nur Dağı (Hira Mağarası) Gün Doğumu Tırmanışı,Tüm Şehirler,,,,kisi,,,,,,,,,,,,,"Eski tablodan taşındı. Sabah namazıyla başlanan, sessizlik içindeki dağ tırmanışı sonrasında Mekke semalarının aydınlanışı ve ilk vahyin (İkra/Oku) indiği mağarada sabah tefekkürü."
extra,Ramazan Ayı Son 10 Gün İtikaf Asistanlığı,Tüm Şehirler,,,,kisi,,,,,,,,,,,,,Eski tablodan taşındı. Haremi Şerif'te resmi itikaf kayıt işlemlerinin VIP yönetimi. Sahur ve iftar lojistiği ile manevi inzivaya tam konsantrasyon sağlayan asistanlık.
tur,Gece Uhud Ziyareti ve Sessiz Tefekkür,Tüm Şehirler,,,,kisi,,,,,,,,,,,,,"Eski tablodan taşındı. Medine gecesinin ıssızlığında, yıldızların altında Uhud Dağı'nın yalnız ihtişamını izleme ve sahabe efendilerimizi mutlak sessizlik içinde anma vakti."
tur,Mekke Al-Shajarah (Ağaç) Mescidi Ziyareti,Tüm Şehirler,,,,kisi,,,,,,,,,,,,,Eski tablodan taşındı. Peygamber Efendimiz'in mucizesi ile çağırdığı ağacın gelip O'nun peygamberliğine şahitlik ettiği mukaddes noktada inşa edilen tarihi mescidin ziyareti.
extra,Mescid-i Ghamama ve Açık Hava Namazgahları Keşfi,Tüm Şehirler,,,,kisi,,,,,,,,,,,,,"Eski tablodan taşındı. Mescid-i Nebevi'nin yanı başında, 'Bulut' anlamına gelen Ghamama Mescidi'ni ve etrafındaki açık hava bayram namazgahlarının kadim atmosferini tanıma."
extra,Uhud Okçular Tepesi (Cebel-i Rumat) Taktiksel Saha,Tüm Şehirler,,,,kisi,,,,,,,,,,,,,Eski tablodan taşındı. Stratejist rehber eşliğinde Okçular Tepesi'nden savaş sahasını tahlil etme; emanete riayet ve teslimiyetin önemini harita üzerinden adım adım hissettiğimiz saha analizi.
extra,Hendek Savaşı Sahası ve Yedi Mescitler (Sab'a Masajid),Tüm Şehirler,,,,kisi,,,,,,,,,,,,,Eski tablodan taşındı. İslam'ın eşsiz savunma stratejisi Hendek hattının oluşturulduğu Sab'a Masajid bölgesinde duraklama ve siperlerin izlerini harita üzerinden hayal ederek tarihi hissetme.
extra,Arees Kuyusu (Yüzük Kuyusu) ve Quba Çevresi Yürüyüşü,Tüm Şehirler,,,,kisi,,,,,,,,,,,,,Eski tablodan taşındı. Peygamberimiz'in mührünün Hz. Osman devrinde düştüğü Arees Kuyusu'nun ve Quba Mescidi etrafındaki yemyeşil asırlık palmiye bahçelerinde sessiz yürüyüş.
tur,Bi'r-i Osman (Rumah Kuyusu) ve Vakıf Medeniyeti Dersi,Tüm Şehirler,,,,kisi,,,,,,,,,,,,,Eski tablodan taşındı. Hz. Osman'ın (r.a) servetiyle Müslümanlara satın alıp kıyamete kadar vakfettiği o eşsiz kuyunun ve çevresindeki bereketli tarım arazilerinin ibretlik ziyareti.
tur,Peygamberin Vasiyeti: Bi'r-i Ghars Kapsamlı Turu,Tüm Şehirler,,,,kisi,,,,,,,,,,,,,"Eski tablodan taşındı. Peygamber Efendimiz'in (SAV), 'Vefat ettiğimde bedenimi yedi kırba bu suyla yıkayın' vasiyetini bıraktığı tarihi Ghars Kuyusu'nun restorasyon sonrası hususi ziyareti."
tur,Tarihi Kuyular Turu: Bi'r-i Şifa'nın Bereketi,Tüm Şehirler,,,,kisi,,,,,,,,,,,,,"Eski tablodan taşındı. Sahabenin asırlardır şifa niyetine suyunu içtiği tarihi kuyuların ziyareti, bölgenin erken dönem kadim su medeniyetinin ve rahmetin incelenmesi."
extra,Mescid-i Kıbleteyn: İki Kıbleli Mescit Namazı,Tüm Şehirler,,,,kisi,,,,,,,,,,,,,Eski tablodan taşındı. Kıblenin Mescid-i Aksa'dan Kabe'ye döndürüldüğü Mescid-i Kıbleteyn'de cemaatle vakit namazı edası ve bu eşsiz teolojik değişimin felsefi anlatımı.
tur,Mescid-i Cin ve Mu'alla Mezarlığı Gece Ziyareti,Tüm Şehirler,,,,kisi,,,,,,,,,,,,,"Eski tablodan taşındı. Mu'alla mezarlığının dinginliğinde, Hz. Hatice validemizi yâd emenin ve cinlerin Kuran dinleyip iman ettiği Mescid-i Cin'in tarihi sırlarının derin gece anlatımı."
extra,Özel Siyer Rehberi ile Destansı Bedir Savaş Alanı,Tüm Şehirler,,,,kisi,,,,,,,,,,,,,"Eski tablodan taşındı. Bedir kasabasına yolculuk. Hak batıl mücadelesinin kazanıldığı alanın, şehitliğin ve Mescid-i Al-Areesh'in detaylı, ilmi ve coğrafi incelemesi."
extra,Peygamberler Dağı: Cebel-i Ebu Kubeys İzlenimi,Tüm Şehirler,,,,kisi,,,,,,,,,,,,,Eski tablodan taşındı. Yeryüzünde yaratılan ilk dağ olduğu rivayet edilen ve Şakk-ı Kamer mucizesinin gerçekleştiği Cebel-i Ebu Kubeys'in asırlık sırlarının ilmi anlatımı.
tur,Mescid-i Beni Harise: Ensar'ın Fedakarlığı,Tüm Şehirler,,,,kisi,,,,,,,,,,,,,"Eski tablodan taşındı. Peygamberimiz'in namaz kıldığı, o günkü Ensar kabilelerinin benzersiz misafirperverliklerinin ve muhacirlere kucak açışlarının yad edildiği lokal siyer ziyareti."
extra,Mescid-i Şeyhayn ve Uhud Yolu Kamp Alanı Analizi,Tüm Şehirler,,,,kisi,,,,,,,,,,,,,"Eski tablodan taşındı. Efendimiz'in Uhud'a yürürken gecelediği Şeyhayn mescidinde bekleyiş, o tarihi akşamın ağır ve vakar dolu psikolojik havasını kalpte hissetme."
extra,Suqya Mescidi ve Suqya Kuyusu Hatırası,Tüm Şehirler,,,,kisi,,,,,,,,,,,,,Eski tablodan taşındı. Peygamber Efendimiz'in Bedir Seferi'ne çıkmadan evvel sancağı bağladığı ve dua buyurduğu o tarihi küçük mescidin manevi atmosferini yaşama.
extra,Suqya Toprak ve Şifa Kumları Keşfi,Tüm Şehirler,,,,kisi,,,,,,,,,,,,,Eski tablodan taşındı. Peygamberimiz'in bizzat duasını aldığına inanılan 'Şifa Toprakları'nın geleneksel tıp literatürüyle bağlantısının anlatıldığı ve izlerinin sürüldüğü otantik tur.
extra,Kadınlara Özel: Ravza-i Mutahhara Asistanlığı,Tüm Şehirler,,,,kisi,,,,,,,,,,,,,"Eski tablodan taşındı. Hassas Nusuk randevu süreçlerinin yönetimiyle, kadın misafirlerimizin yeşil halılı bölgeye (Ravza) girmelerine yardımcı olan tecrübeli kadın rehber refakati."
extra,Deve Sırtında Çölde Günbatımı: Kervan Yürüyüşü,Tüm Şehirler,,,,kisi,,,,,,,,,,,,,"Eski tablodan taşındı. Motorlu araçların giremediği bakir çölde, asırlar öncesinin kervan yollarında develer üzerinde sükûnet dolu bir yürüyüş ve akşam kızıllığı eşliğinde tefekkür molası."
extra,Cin Vadisi (Wadi-e-Jinn) Manyetik Anomali Deneyimi,Tüm Şehirler,,,,kisi,,,,,,,,,,,,,"Eski tablodan taşındı. Araçların yokuş yukarı kendiliğinden çıktığı manyetik anomali vadisinde, çölün bu coğrafi illüzyonunu ve sırlarını etkileyici bir şekilde deneyimleme."
extra,Zübeyde Su Yolu (Ayn Zubaida) Antik Kalıntıları Turu,Tüm Şehirler,,,,kisi,,,,,,,,,,,,,"Eski tablodan taşındı. Abbasiler döneminin muhteşem sadaka-i cariye eseri su kanallarının, Arafat ve Müzdelife yakınlarındaki devasa taş kalıntılarını hikayeleriyle birlikte detaylı inceleme."
extra,Hz. Hamza'nın Doğduğu Sokaklar ve Mekke'deki Evleri,Tüm Şehirler,,,,kisi,,,,,,,,,,,,,"Eski tablodan taşındı. Seyyidü'ş-Şüheda Hz. Hamza'nın ve Ebu Talib'in yaşadığı, Peygamber ailesine ait tarihi mülklerin harita üzerinden tespiti ve bölgenin havasının solunumu."
extra,Mekke Kuşatma Sınırları ve İbn Zübeyr'in Sığınağı,Tüm Şehirler,,,,kisi,,,,,,,,,,,,,"Eski tablodan taşındı. Haccac ordusunun kuşattığı dönemin askeri stratejik noktalarının, bugünkü modern topografya üzerinden ibretlik ve ilmi okuması."
tur,Urwah ibn Zubayr Kasrı Harabeleri Turu,Tüm Şehirler,,,,kisi,,,,,,,,,,,,,Eski tablodan taşındı. Bereketli Akik vadisinde inşa ettirilen devasa antik konak/saray kalıntılarının ve Sahabe sonrası dönemin refah mimarisinin tefekkürle ziyareti.
extra,Tarihi İhaab ve Ebu İnebe Kuyuları Yürüyüşü,Tüm Şehirler,,,,kisi,,,,,,,,,,,,,"Eski tablodan taşındı. Medine'nin unutulmuş, ancak bereket taşıyan bu iki tarihi kuyusunun yerini sokak aralarında keşfetme ve belgesel tadında fotoğraflayarak tarihi yâd etme aktivitesi."
tur,Hz. Ümmü Haram'ın Evi (Kuba Yolu Üzeri Siyer Hatırası),Tüm Şehirler,,,,kisi,,,,,,,,,,,,,"Eski tablodan taşındı. Peygamberimiz'in teşrif edip dinlendiği Hz. Ümmü Haram bint Milhan'a (r.a) atfedilen eski evin izlerinin sürüldüğü, sükûnet dolu manevi mikro-ziyaret."
tur,Al-Minaratayn Mescidi Ziyareti,Tüm Şehirler,,,,kisi,,,,,,,,,,,,,"Eski tablodan taşındı. Peygamber Efendimiz'in mübarek güzergâhlarından biri üzerinde bulunan, modern binalar arasına gizlenmiş bu kadim mescidin ruhaniyetiyle baş başa arkeolojik ziyareti."
extra,Beni Kurayza ve Hayber Kaleleri Kalıntıları Ekspedisyonu,Tüm Şehirler,,,,kisi,,,,,,,,,,,,,"Eski tablodan taşındı. İslam'ın sancaktarlığını taşıyan şanlı fetihlerin gerçekleştiği, Medine civarının tarihi taş kalelerinin ve Hayber alanlarının askeri strateji ve ibret açısından incelenmesi."
extra,Cennetü'l Mualla ve Al-Hujun Bölgesi Arkeolojik Okuması,Tüm Şehirler,,,,kisi,,,,,,,,,,,,,"Eski tablodan taşındı. Kadim Mekke'nin sosyolojik katmanlarındaki Al-Hujun bölgesinin dününe yolculuk, eski mezar taşlarındaki edebi hat sanatının ve epigrafik manaların manevi incelenmesi."
extra,Kusva'nın İzleri: Deve Çiftliği Turu,Tüm Şehirler,,,,kisi,,,,,,,,,,,,,Eski tablodan taşındı. Peygamber Efendimiz'i hürmetle taşıyan meşhur deve Kusva'nın soy hikayesinin dinlendiği ve modern bir bedevi çiftliğinde taze süt ikramıyla çöl geleneklerinin yaşatıldığı özel tur.
tren,Amberiye Mescidi ve Tarihi Tren Garı Yürüyüşü,Tüm Şehirler,,,,kisi,,,,,,,,,,,,,"Eski tablodan taşındı. Amberiye Mescidi'nin gölgesinde, kumların arasında kalmış tarihi raylar ve lokomotifler eşliğinde ecdadın Medine'deki tarihsel mirasını yâd ediyoruz."
tur,Suudi Tarım Deneyimi: Premium Hurma Bahçeleri,Tüm Şehirler,,,,kisi,,,,,,,,,,,,,"Eski tablodan taşındı. Medine'nin bereketli topraklarındaki premium çiftliklerde organik yetiştirme, kurutma süreçlerini ve kendi hurmanızı ailenize hediye etmek üzere bizzat paketleyeceğiniz nezih atölye ziyareti."
extra,Kur'an-ı Kerim Sergisi ve Vahiy Müzesi Keşfi,Tüm Şehirler,,,,kisi,,,,,,,,,,,,,"Eski tablodan taşındı. Nur Dağı eteklerindeki Hira Kültürel Bölgesi'nde, ilahi vahyin büyüklüğünü anlatan geniş Kur'an nüshaları, hat sanatı şaheserleri ve Hira Mağarası replikasının derinlikli deneyimi."
extra,Hicaz Demiryolu Müzesi ve Osmanlı İstasyonları,Tüm Şehirler,,,,kisi,,,,,,,,,,,,,Eski tablodan taşındı. Sultan II. Abdülhamid Han'ın kutlu vizyonu Hicaz Demiryolu İstasyonu'nun manevi ikliminde tarihi bir yolculuk. Restore edilmiş orijinal vagonlar ve ecdadın mukaddes topraklardaki izlerini sürüyoruz.
extra,ACCORD: Medine Havalimanı <-> Otel,Tüm Şehirler,,,,kisi,,,,,,,,,,,,,"Eski tablodan taşındı. Peygamber Efendimiz'in şehrine varışınızda sizi VIP standartlarda karşılıyoruz. Medine Havalimanı ile oteliniz arasındaki transferinizde Honda Accord'un lüks ve zarif atmosferini yaşayın. Aileniz veya grubunuz (maksimum 4 kişi) için özel olarak hazırlanan klimalı ve konforlu aracımızla, manevi iklime sakin ve dinlenmiş bir giriş yapın."
extra,ACCORD: Medine -> Mekke,Tüm Şehirler,,,,kisi,,,,,,,,,,,,,"Eski tablodan taşındı. Mekke ve Medine arasındaki manevi yolculuğunuzu, Honda Accord (VIP) aracımızın sunduğu premium konforla taçlandırın. 1-4 kişilik kapasitesi, üstün süspansiyon sistemi ve geniş diz mesafesiyle uzun yolda bile evinizin rahatlığını hissedeceksiniz. Kendi programınıza göre hareket edin, VIP ayrıcalığıyla yorulmadan seyahat edin."
extra,ACCORD: Mekke -> Medine ,Tüm Şehirler,,,,kisi,,,,,,,,,,,,,"Eski tablodan taşındı. Mekke ve Medine arasındaki manevi yolculuğunuzu, Honda Accord (VIP) aracımızın sunduğu premium konforla taçlandırın. 1-4 kişilik kapasitesi, üstün süspansiyon sistemi ve geniş diz mesafesiyle uzun yolda bile evinizin rahatlığını hissedeceksiniz. Kendi programınıza göre hareket edin, VIP ayrıcalığıyla yorulmadan seyahat edin."
tren,ACCORD: Mekke Haramain <-> Otel,Tüm Şehirler,,,,kisi,,,,,,,,,,,,,"Eski tablodan taşındı. Haramain Hızlı Treni'nin konforunu, istasyondan otelinize kadar Honda Accord ayrıcalığıyla sürdürün. 1-4 kişi kapasiteli premium VIP sedan aracımız ve deneyimli şoförümüz, istasyon kapısında sizi bekliyor olacak. Eşyalarınız özenle araca yerleştirilirken, siz VIP hizmetin ve rahatlığın tadını çıkarın."
tren,VIP: Mekke Haramain -> Otel ,Tüm Şehirler,,,,kisi,,,,,,,,,,,,,"Eski tablodan taşındı. Haramain Hızlı Treni'nin konforunu, istasyondan otelinize kadar Honda Accord ayrıcalığıyla sürdürün. 1-4 kişi kapasiteli premium VIP sedan aracımız ve deneyimli şoförümüz, istasyon kapısında sizi bekliyor olacak. Eşyalarınız özenle araca yerleştirilirken, siz VIP hizmetin ve rahatlığın tadını çıkarın."
extra,VIP: Cidde <-> Mekke,Tüm Şehirler,,,,kisi,,,,,,,,,,,,,"Eski tablodan taşındı. Kutsal topraklara adım attığınız andan itibaren yorgunluğunuzu lüksle atın. Cidde Havalimanı'ndan Mekke otellerine gidiş veya dönüşlerinizde Honda Accord (VIP) sedan aracımızla üst düzey konfor sunuyoruz. İhramlı misafirlerimiz için ferah iç hacim, gelişmiş iklimlendirme ve sessiz bir yolculuk garantisiyle otelinize doğrudan ve huzurla ulaşın."
extra,VIP: Cidde -> Mekke,Tüm Şehirler,,,,kisi,,,,,,,,,,,,,"Eski tablodan taşındı. Kutsal topraklara adım attığınız andan itibaren yorgunluğunuzu lüksle atın. Cidde Havalimanı'ndan Mekke otellerine gidiş veya dönüşlerinizde Honda Accord (VIP) sedan aracımızla üst düzey konfor sunuyoruz. İhramlı misafirlerimiz için ferah iç hacim, gelişmiş iklimlendirme ve sessiz bir yolculuk garantisiyle otelinize doğrudan ve huzurla ulaşın."
tren,VIP: Cidde Havalimanı -> Haramain İst.,Tüm Şehirler,,,,kisi,,,,,,,,,,,,,"Eski tablodan taşındı. Seyahatinizin her anında prestiji hissedin. Cidde Havalimanı terminalleri arası veya Haramain Hızlı Tren İstasyonu geçişlerinizde 1-4 kişi kapasiteli lüks Honda Accord (VIP) aracımızla hizmetinizdeyiz. Profesyonel şoförümüz eşliğinde, bagaj telaşı yaşamadan birinci sınıf bir kısa mesafe transfer deneyimi yaşayın"
tren,VIP: Cidde Terminal İçi,Tüm Şehirler,,,,kisi,,,,,,,,,,,,,"Eski tablodan taşındı. Seyahatinizin her anında prestiji hissedin. Cidde Havalimanı terminalleri arası veya Haramain Hızlı Tren İstasyonu geçişlerinizde 1-4 kişi kapasiteli lüks Honda Accord (VIP) aracımızla hizmetinizdeyiz. Profesyonel şoförümüz eşliğinde, bagaj telaşı yaşamadan birinci sınıf bir kısa mesafe transfer deneyimi yaşayın"
extra,ECO VIP: Cidde Havalimanı -> Medine,Tüm Şehirler,,,,kisi,,,,,,,,,,,,,"Eski tablodan taşındı. Cidde Havalimanı'na indikten sonra doğrudan Medine'ye geçmek isteyen misafirlerimiz için kesintisiz ve ekonomik VIP transfer sunuyoruz. Uzun yolculuğunuzu Toyota Camry'nin (Eco VIP) rahat koltukları ve ferah iç mekanıyla yorgunluk hissetmeden tamamlayın. Eşyalarınız güvende, yolculuğunuz huzur içinde geçsin."
tren,ECO VIP: Medine Haramain <-> Otel,Tüm Şehirler,,,,kisi,,,,,,,,,,,,,"Eski tablodan taşındı. Hızlı tren (Haramain) konforunuzu otel kapısına kadar kesintisiz sürdürün. Tren istasyonundan otelinize veya otelinizden istasyona yapacağınız transferlerde Toyota Camry (Eco VIP) aracımız sizi bekliyor olacak. Bagajlarınız deneyimli şoförlerimiz tarafından yerleştirilirken, siz arkanıza yaslanıp klimalı VIP transferin keyfini çıkarın."
tren,ECO VIP: Medine Haramain -> Otel,Tüm Şehirler,,,,kisi,,,,,,,,,,,,,"Eski tablodan taşındı. Hızlı tren (Haramain) konforunuzu otel kapısına kadar kesintisiz sürdürün. Tren istasyonundan otelinize veya otelinizden istasyona yapacağınız transferlerde Toyota Camry (Eco VIP) aracımız sizi bekliyor olacak. Bagajlarınız deneyimli şoförlerimiz tarafından yerleştirilirken, siz arkanıza yaslanıp klimalı VIP transferin keyfini çıkarın"
tren,ECO VIP: Medine Haramain -> Otel,Tüm Şehirler,,,,kisi,,,,,,,,,,,,,"Eski tablodan taşındı. Hızlı tren (Haramain) konforunuzu otel kapısına kadar kesintisiz sürdürün. Tren istasyonundan otelinize veya otelinizden istasyona yapacağınız transferlerde Toyota Camry (Eco VIP) aracımız sizi bekliyor olacak. Bagajlarınız deneyimli şoförlerimiz tarafından yerleştirilirken, siz arkanıza yaslanıp klimalı VIP transferin keyfini çıkarın"
extra,ECO VIP: Medine Havalimanı <-> Otel ,Tüm Şehirler,,,,kisi,,,,,,,,,,,,,"Eski tablodan taşındı. Huzur şehri Medine'ye adım attığınız anda sizi güler yüzle karşılıyoruz. Medine Havalimanı ile oteliniz arasındaki ulaşımınızı Toyota Camry (Eco VIP) aracımızla, kalabalıktan ve stresten uzak bir şekilde sağlıyoruz. 1-4 kişilik kapasitesiyle aileniz veya grubunuz için en pratik, konforlu ve ekonomik transfer çözümü."
extra,ECO VIP: Medine Havalimanı -> Otel,Tüm Şehirler,,,,kisi,,,,,,,,,,,,,"Eski tablodan taşındı. Huzur şehri Medine'ye adım attığınız anda sizi güler yüzle karşılıyoruz. Medine Havalimanı ile oteliniz arasındaki ulaşımınızı Toyota Camry (Eco VIP) aracımızla, kalabalıktan ve stresten uzak bir şekilde sağlıyoruz. 1-4 kişilik kapasitesiyle aileniz veya grubunuz için en pratik, konforlu ve ekonomik transfer çözümü"
extra,ECO VIP: Medine -> Mekke,Tüm Şehirler,,,,kisi,,,,,,,,,,,,,"Eski tablodan taşındı. Mekke ve Medine arasındaki kutsal yolculuğunuzu başkalarına bağlı kalmadan, size özel Toyota Camry (Eco VIP) aracımızla gerçekleştirin. 1-4 kişi kapasiteli konforlu sedan araçlarımız ve bölgeyi çok iyi bilen tecrübeli şoförlerimizle; sıcak hava koşullarından etkilenmeden, istediğiniz saatte yola çıkarak dinlendirici bir şehirlerarası seyahat deneyimi yaşayın."
extra,ECO VIP: Mekke -> Medine ,Tüm Şehirler,,,,kisi,,,,,,,,,,,,,"Eski tablodan taşındı. Mekke ve Medine arasındaki kutsal yolculuğunuzu başkalarına bağlı kalmadan, size özel Toyota Camry (Eco VIP) aracımızla gerçekleştirin. 1-4 kişi kapasiteli konforlu sedan araçlarımız ve bölgeyi çok iyi bilen tecrübeli şoförlerimizle; sıcak hava koşullarından etkilenmeden, istediğiniz saatte yola çıkarak dinlendirici bir şehirlerarası seyahat deneyimi yaşayın."
tren,ECO VIP: Mekke Haramain <-> Otel,Tüm Şehirler,,,,kisi,,,,,,,,,,,,,"Eski tablodan taşındı. Hızlı tren (Haramain) konforunuzu otel kapısına kadar kesintisiz sürdürün. Tren istasyonundan otelinize veya otelinizden istasyona yapacağınız transferlerde Toyota Camry (Eco VIP) aracımız sizi bekliyor olacak. Bagajlarınız deneyimli şoförlerimiz tarafından yerleştirilirken, siz arkanıza yaslanıp klimalı VIP transferin keyfini çıkarın."
tren,ECO VIP: Mekke Haramain -> Otel,Tüm Şehirler,,,,kisi,,,,,,,,,,,,,"Eski tablodan taşındı. Hızlı tren (Haramain) konforunuzu otel kapısına kadar kesintisiz sürdürün. Tren istasyonundan otelinize veya otelinizden istasyona yapacağınız transferlerde Toyota Camry (Eco VIP) aracımız sizi bekliyor olacak. Bagajlarınız deneyimli şoförlerimiz tarafından yerleştirilirken, siz arkanıza yaslanıp klimalı VIP transferin keyfini çıkarın."
extra,ECO VIP: Cidde Havalimanı -> Mekke Otelleri,Tüm Şehirler,,,,kisi,,,,,,,,,,,,,"Eski tablodan taşındı. Kutsal topraklardaki manevi yolculuğunuza huzurlu bir başlangıç yapın! Cidde Havalimanı'ndan Mekke'deki otelinize Toyota Camry (Eco VIP) aracımızla doğrudan, yorulmadan ulaşın. 1-4 kişi kapasiteli, geniş bagaj hacimli ve güçlü klimalı sedan araçlarımız ile ihramlı yolcularımıza özel, sakin ve güvenli bir transfer deneyimi sunuyoruz."
extra,ECO VIP: Cidde Havalimanı -> Mekke Otelleri,Tüm Şehirler,,,,kisi,,,,,,,,,,,,,"Eski tablodan taşındı. Kutsal topraklardaki manevi yolculuğunuza huzurlu bir başlangıç yapın! Cidde Havalimanı'ndan Mekke'deki otelinize Toyota Camry (Eco VIP) aracımızla doğrudan, yorulmadan ulaşın. 1-4 kişi kapasiteli, geniş bagaj hacimli ve güçlü klimalı sedan araçlarımız ile ihramlı yolcularımıza özel, sakin ve güvenli bir transfer deneyimi sunuyoruz."
tren,ECO VIP: Cidde Havalimanı -> Cidde Haramain İstasyonu,Tüm Şehirler,,,,kisi,,,,,,,,,,,,,"Eski tablodan taşındı. Cidde Havalimanı terminalleri arası veya Haramain Hızlı Tren İstasyonu'na yapacağınız geçişlerde Toyota Camry (Eco VIP) aracımızla zaman kaybetmeden, yorulmadan seyahat edin. Valiz taşıma stresinden uzak, klimalı ve konforlu sedan aracımızla (1-4 kişi kapasiteli) seyahatinizin bir sonraki adımına güvenle ve ekonomik bir şekilde ulaşın."
tren,ECO VIP: Cidde Terminal İçi,Tüm Şehirler,,,,kisi,,,,,,,,,,,,,"Eski tablodan taşındı. Cidde Havalimanı terminalleri arası veya Haramain Hızlı Tren İstasyonu'na yapacağınız geçişlerde Toyota Camry (Eco VIP) aracımızla zaman kaybetmeden, yorulmadan seyahat edin. Valiz taşıma stresinden uzak, klimalı ve konforlu sedan aracımızla (1-4 kişi kapasiteli) seyahatinizin bir sonraki adımına güvenle ve ekonomik bir şekilde ulaşın."
extra,Al Haram Hotel,Tüm Şehirler,,,,kisi,,,,,,,,,,,,,Eski tablodan taşındı. Bütçe dostu konaklama ve güleryüzlü hizmet.
extra,Crowne Plaza Madinah,Tüm Şehirler,,,,kisi,,,,,,,,,,,,,Eski tablodan taşındı. Ekonomik lüks ve huzurlu ortam.
extra,Shaza Al Madina,Tüm Şehirler,,,,kisi,,,,,,,,,,,,,Eski tablodan taşındı. Geleneksel motifler ile modern mimarinin buluşması.
extra,Pullman Zamzam Madina,Tüm Şehirler,,,,kisi,,,,,,,,,,,,,Eski tablodan taşındı. Modern tasarımlar ve zengin mutfak kültürü.
extra,Anwar Al Madinah Mövenpick,Tüm Şehirler,,,,kisi,,,,,,,,,,,,,Eski tablodan taşındı. Geniş aile ve grup konaklamaları için ideal.
tur,Madinah Hilton,Tüm Şehirler,,,,kisi,,,,,,,,,,,,,"Eski tablodan taşındı. Merkezi konum, alışveriş ve ziyaret alanlarına yakınlık."
extra,Dar Al Taqwa Hotel,Tüm Şehirler,,,,kisi,,,,,,,,,,,,,Eski tablodan taşındı. Mescid-i Nebevi manzaralı konforlu odalar.
extra,Oberoi Madina,Tüm Şehirler,,,,kisi,,,,,,,,,,,,,Eski tablodan taşındı. Peygamber efendimizin mescidine yürüme mesafesinde en lüks deneyim.
extra,Le Meridien Makkah,Tüm Şehirler,,,,kisi,,,,,,,,,,,,,"Eski tablodan taşındı. Şehrin dış çemberinde, kalabalıktan uzak konforlu dinlenme alanı."
extra,Sheraton Makkah,Tüm Şehirler,,,,kisi,,,,,,,,,,,,,"Eski tablodan taşındı. Sessiz, sakin ve ekonomik lüks seçenekleri."
extra,Anjum Hotel Makkah,Tüm Şehirler,,,,kisi,,,,,,,,,,,,,Eski tablodan taşındı. Mekke'nin ruhunu hissettiren Hicazi mimarisi.
extra,Hyatt Regency Makkah,Tüm Şehirler,,,,kisi,,,,,,,,,,,,,Eski tablodan taşındı. Modern tasarım ve kolay ulaşım imkanı.
extra,Mövenpick Hotel Hajar,Tüm Şehirler,,,,kisi,,,,,,,,,,,,,Eski tablodan taşındı. Kaliteli hizmet anlayışıyla huzurlu bir konaklama deneyimi.
extra,Conrad Makkah,Tüm Şehirler,,,,kisi,,,,,,,,,,,,,Eski tablodan taşındı. Geniş odalar ve doğrudan Harem bağlantısı.
extra,Hilton Suites Makkah,Tüm Şehirler,,,,kisi,,,,,,,,,,,,,Eski tablodan taşındı. Yeni nesil mimarisiyle özel ibadet alanlarına sahip otel.
extra,Makkah Clock Royal Tower,Tüm Şehirler,,,,kisi,,,,,,,,,,,,,Eski tablodan taşındı. Dünyanın en yüksek binalarından birinde unutulmaz bir deneyim.
extra,Pullman ZamZam Makkah,Tüm Şehirler,,,,kisi,,,,,,,,,,,,,Eski tablodan taşındı. Abraj Al Bait kompleksinde yer alan eşsiz manzaralı VIP konaklama.
extra,Swissôtel Makkah,Tüm Şehirler,,,,kisi,,,,,,,,,,,,,Eski tablodan taşındı. Mescid-i Haram'a doğrudan erişim sunan lüks konaklama.